code,name,parent,area,density,age_med,2001,2002,2003,2004,2005,2006,2007,2008,2009,2010,2011,2012,2013,2014,2015,2016,2017,2018,2019,2020
09001,Fairfield,09,624.9692196,1510.964013,40.8,0,0,0,0,0,0,0,0,892843,905342,911196,918892,926233,934215,939983,941618,947328,944348,943926,944306
09003,Hartford,09,734.9333028,1213.9237623,40.4,0,0,0,0,0,0,0,0,874409,887976,890588,893504,895827,897374,896943,895699,897417,894730,893561,892153
09005,Litchfield,09,920.5144213,196.7845324,47.5,0,0,0,0,0,0,0,0,188411,189916,189719,189277,188629,187542,186304,185141,184454,183031,182002,181143
09007,Middlesex,09,369.3040332,440.6721437,45.8,0,0,0,0,0,0,0,0,164004,164774,165274,165639,165690,165534,165165,164438,164110,163368,163053,162742
09009,New Haven,09,604.3047363,1416.0620438,40.5,0,0,0,0,0,0,0,0,843532,856688,858759,860995,862611,863148,862224,860874,862127,859339,857513,855733
09011,New London,09,665.0648528,401.2661305,41.4,0,0,0,0,0,0,0,0,266183,272360,272891,273723,274090,274071,273185,272033,270772,268881,267390,266868
09013,Tolland,09,410.3519577,367.8476419,37.6,0,0,0,0,0,0,0,0,148526,151073,151774,152137,152366,152251,151948,151689,151596,151269,151063,150947
09015,Windham,09,512.9277067,227.43361,41.2,0,0,0,0,0,0,0,0,116579,117708,117971,118046,118115,117918,117470,117078,116674,116538,116566,116657
23001,Androscoggin,23,467.9529543,230.7026786,40.7,0,0,0,0,0,0,0,0,106765,107882,107785,107766,107634,107470,107393,107376,107317,107444,107602,107958
23003,Aroostook,23,6671.0817567,10.1079559,48,0,0,0,0,0,0,0,0,71974,72412,72143,71757,71230,70653,70005,69405,68840,68269,67809,67431
23005,Cumberland,23,836.2222704,352.2030092,42.1,0,0,0,0,0,0,0,0,276227,279994,281044,282143,283046,284351,286119,288204,289173,290944,292307,294520
23007,Franklin,23,1697.0041213,17.6387315,46.5,0,0,0,0,0,0,0,0,29757,30657,30697,30704,30660,30569,30402,30270,30177,30019,29982,29933
23009,Hancock,23,1587.1269001,34.5479621,49.1,0,0,0,0,0,0,0,0,53299,54309,54422,54470,54557,54581,54658,54483,54468,54541,54601,54832
23011,Kennebec,23,867.4762771,140.8199892,44.1,0,0,0,0,0,0,0,0,120777,121925,122008,122022,121757,121507,121112,120953,121289,121545,121753,122158
23013,Knox,23,365.1455044,109.0222925,48.6,0,0,0,0,0,0,0,0,40897,40111,39972,39848,39694,39653,39723,39717,39700,39823,39759,39809
23015,Lincoln,23,455.8662362,75.4936367,51.2,0,0,0,0,0,0,0,0,34789,34719,34579,34440,34297,34237,34156,34165,34021,34067,34201,34415
23017,Oxford,23,2076.9556577,27.8007861,47.8,0,0,0,0,0,0,0,0,56414,57867,57892,57814,57657,57517,57421,57299,57230,57325,57550,57741
23019,Penobscot,23,3397.1944787,44.6533164,42.2,0,0,0,0,0,0,0,0,148501,152934,153400,153742,153649,153627,153437,152978,152284,151748,151774,151696
23021,Piscataquis,23,3960.8588091,4.2576625,51.5,0,0,0,0,0,0,0,0,17079,17555,17518,17432,17343,17271,17156,17044,16960,16887,16836,16864
23023,Sagadahoc,23,253.9724956,140.645151,47.2,0,0,0,0,0,0,0,0,36511,35688,35546,35394,35194,35102,35092,35134,35149,35277,35452,35720
23025,Somerset,23,3924.2668852,12.8872479,46.9,0,0,0,0,0,0,0,0,51175,52261,52228,52098,51942,51762,51577,51363,50994,50710,50520,50573
23027,Waldo,23,729.9705084,54.4172669,46.2,0,0,0,0,0,0,0,0,38319,38740,38737,38761,38819,38904,38976,39071,39280,39418,39539,39723
23029,Washington,23,2562.7284186,12.2439818,48.5,0,0,0,0,0,0,0,0,32590,33154,33015,32832,32621,32397,32191,31925,31822,31694,31491,31378
23031,York,23,991.1851486,207.9066664,45.3,0,0,0,0,0,0,0,0,201306,197457,197557,197861,198220,198934,199682,200536,201454,203102,204316,206074
25001,Barnstable,25,394.2130838,541.5979549,53.7,0,0,0,0,0,0,0,0,222629,217483,216639,216021,215449,215167,214766,214703,213900,213690,213496,213505
25003,Berkshire,25,926.8731601,135.8621712,47.2,0,0,0,0,0,0,0,0,130168,131528,131221,130866,130545,130064,129288,128563,127751,127328,126425,125927
25005,Bristol,25,553.1117128,1018.4217527,41,0,0,0,0,0,0,0,0,545210,546433,547305,548739,549870,551065,552763,554868,557016,558905,561037,563301
25007,Dukes,25,103.2023263,168.8915418,49,0,0,0,0,0,0,0,0,15675,16155,16353,16581,16739,16915,17048,17137,17275,17313,17312,17430
25009,Essex,25,492.5204897,1597.9802192,40.9,0,0,0,0,0,0,0,0,734889,735642,739505,744961,750808,757395,763849,769362,775860,781024,783676,787038
25011,Franklin,25,699.2072996,100.8699423,47,0,0,0,0,0,0,0,0,71826,71523,71495,71489,71408,71300,71144,70916,70926,70935,70577,70529
25013,Hampden,25,617.0043548,756.3107073,39.4,0,0,0,0,0,0,0,0,468171,462270,462752,464072,465144,466447,468041,468072,469188,469116,467871,466647
25015,Hampshire,25,527.2351928,306.0512693,36.6,0,0,0,0,0,0,0,0,155160,157326,157630,158850,159267,160328,160759,161035,161197,161159,161032,161361
25017,Middlesex,25,817.8628933,1963.530823,38.5,0,0,0,0,0,0,0,0,1480260,1479491,1491762,1507558,1522533,1539832,1556116,1567610,1582857,1595192,1600842,1605899
25019,Nantucket,25,46.1921934,242.7249969,41.7,0,0,0,0,0,0,0,0,11013,10069,10135,10194,10224,10414,10556,10694,10912,11101,11168,11212
25021,Norfolk,25,396.1028722,1776.6596745,40.9,0,0,0,0,0,0,0,0,657506,662077,666426,672078,677296,682860,687721,691218,694389,698249,700437,703740
25023,Plymouth,25,658.5049595,787.5369692,42.7,0,0,0,0,0,0,0,0,492313,490784,492934,495407,497386,500772,503681,506657,509114,512135,515303,518597
25025,Suffolk,25,58.2532794,13753.0798069,33,0,0,0,0,0,0,0,0,730630,704460,713089,724502,735701,747928,758919,767719,780685,791766,796605,801162
25027,Worcester,25,1510.6691686,547.2111414,40.2,0,0,0,0,0,0,0,0,795726,791855,794981,799277,802688,806804,810935,813589,818249,822280,824772,826655
33001,Belknap,33,401.8469627,152.2320825,47.9,0,0,0,0,0,0,0,0,61102,60142,60166,60206,60216,60252,60399,60392,60383,60640,60887,61174
33003,Carroll,33,931.8628389,52.0044345,53.4,0,0,0,0,0,0,0,0,47591,47772,47817,47761,47694,47623,47513,47416,47524,47840,48138,48461
33005,Cheshire,33,706.7082305,107.597445,43,0,0,0,0,0,0,0,0,77174,77445,77301,77106,76896,76596,76430,76320,76109,76263,76042,76040
33007,Coos,33,1794.5723049,17.5451276,48.7,0,0,0,0,0,0,0,0,32217,33445,33224,32872,32520,32202,31870,32219,32119,32038,31741,31486
33009,Grafton,33,1708.5972896,52.8685142,43.3,0,0,0,0,0,0,0,0,85626,88356,88696,88985,89166,89360,89341,89164,89280,89811,89777,90331
33011,Hillsborough,33,876.525043,473.808482,40.8,0,0,0,0,0,0,0,0,402576,399555,400243,401101,402017,402776,403972,404948,406371,411087,413035,415305
33013,Merrimack,33,932.8984784,161.756079,43.1,0,0,0,0,0,0,0,0,148156,146785,146785,146742,146710,146880,147262,147715,147958,149452,149917,150902
33015,Rockingham,33,695.3907629,443.2198649,44.7,0,0,0,0,0,0,0,0,296680,294638,295162,295872,296718,297702,299006,300365,302479,305129,306359,308211
33017,Strafford,33,367.4699246,354.2085795,36.8,0,0,0,0,0,0,0,0,121656,122158,122859,123295,123836,124387,125273,125913,126552,128237,129124,130161
33019,Sullivan,33,537.8751721,80.2658353,46.9,0,0,0,0,0,0,0,0,42641,43643,43658,43534,43398,43291,43135,43051,43073,43125,43104,43173
34001,Atlantic,34,555.5138356,476.4057762,41.8,0,0,0,0,0,0,0,0,270016,273162,273674,274402,274960,275325,275376,274026,272926,268539,266105,264650
34003,Bergen,34,232.7880598,4000.5273501,41.9,0,0,0,0,0,0,0,0,888546,896482,900730,906781,912795,920456,926330,930310,937920,929999,930390,931275
34005,Burlington,34,799.2839609,558.3760238,41.6,0,0,0,0,0,0,0,0,446301,447861,448095,449117,449964,450155,450556,450236,449192,446367,445702,446301
34007,Camden,34,221.3620504,2289.1051064,38.8,0,0,0,0,0,0,0,0,516937,513574,513582,513660,513512,512632,511998,511145,510996,507367,506738,506721
34009,Cape May,34,251.5214093,368.561071,50.3,0,0,0,0,0,0,0,0,97127,97684,97265,96987,96684,96286,95805,95404,94549,93705,93086,92701
34011,Cumberland,34,483.3602636,310.5033891,37.6,0,0,0,0,0,0,0,0,155266,155456,156142,156864,157342,157429,157035,155744,154952,153400,151906,150085
34013,Essex,34,126.0844378,6334.6279214,37.7,0,0,0,0,0,0,0,0,771353,780872,781668,783840,785853,789616,791609,792586,800401,793555,795404,798698
34015,Gloucester,34,322.0068749,906.0210285,40.4,0,0,0,0,0,0,0,0,284552,285223,287036,288187,289098,289705,290298,291286,291372,290852,291165,291745
34017,Hudson,34,46.1935459,14545.8199106,35.3,0,0,0,0,0,0,0,0,593615,622123,627589,636194,644605,654878,662619,668526,679756,668631,670046,671923
34019,Hunterdon,34,427.834194,292.3165137,46.6,0,0,0,0,0,0,0,0,129517,128458,128355,127996,127047,126746,126250,125708,125717,125051,124823,125063
34021,Mercer,34,224.47785819999999,1639.7385601,38.8,0,0,0,0,0,0,0,0,363778,364445,365318,366442,368094,369526,370212,371101,373362,368762,367922,368085
34023,Middlesex,34,309.2470801,2667.8182369,39,0,0,0,0,0,0,0,0,781957,798882,804299,811064,817026,824046,830300,831852,837288,826698,825920,825015
34025,Monmouth,34,468.1814717,1326.0264181,43.4,0,0,0,0,0,0,0,0,641984,628112,628920,629263,629735,629702,629185,627532,627551,623387,621659,620821
34027,Morris,34,460.9719895,1068.8610398,42.8,0,0,0,0,0,0,0,0,485828,489811,491307,493472,495261,497103,498192,498215,498847,494383,493379,492715
34029,Ocean,34,628.2852914,958.1920955,42.4,0,0,0,0,0,0,0,0,565428,569374,572991,575961,578902,581413,583450,586166,589699,591939,596415,602018
34031,Passaic,34,186.0131896,2702.8352184,37.3,0,0,0,0,0,0,0,0,488793,496204,498009,500168,502854,505403,507574,507204,510563,504041,503637,502763
34033,Salem,34,331.8619663,189.0966919,42.5,0,0,0,0,0,0,0,0,65982,65982,65984,66007,65825,65501,65120,64504,63776,63336,62990,62754
34035,Somerset,34,301.8657176,1093.7015392,41.8,0,0,0,0,0,0,0,0,320712,319347,321304,323650,326207,328704,330604,331686,333316,330176,329838,330151
34037,Sussex,34,518.6625165,271.8453629,44.9,0,0,0,0,0,0,0,0,151239,149996,149589,148962,147924,146888,145930,144694,143570,142298,141483,140996
34039,Union,34,102.7662528,5402.629609,38.9,0,0,0,0,0,0,0,0,522050,529547,532378,536383,540568,545236,548744,550436,557320,553066,554033,555208
34041,Warren,34,356.5403422,296.5442826,44.5,0,0,0,0,0,0,0,0,109567,108982,108829,108488,108150,107624,107226,107095,107088,106293,105862,105730
36001,Albany,36,522.8875096,585.5274689,37.9,0,0,0,0,0,0,0,0,298341,304032,303957,304511,305279,306124,307463,307891,308580,307426,306968,306165
36003,Allegany,36,1029.4345098,44.9800347,39.3,0,0,0,0,0,0,0,0,49391,49105,48991,48837,48618,48387,48070,47700,47400,47025,46688,46304
36005,Bronx,36,42.1752462,33836.3406819,34.5,0,0,0,0,0,0,0,0,1381529,1365725,1374593,1386364,1397315,1413566,1428357,1436785,1455846,1437872,1435068,1427056
36007,Broome,36,705.6377897,272.1537916,39.7,0,0,0,0,0,0,0,0,195209,200804,200448,199928,199298,198797,198093,197381,196124,194402,193188,192042
36009,Cattaraugus,36,1308.1617597,58.6701143,42.5,0,0,0,0,0,0,0,0,80349,80776,80478,80166,79735,79397,78962,78506,78175,77686,77121,76750
36011,Cayuga,36,691.5864498,111.2774839,43.2,0,0,0,0,0,0,0,0,79994,80431,80204,79996,79767,79481,79173,78783,78319,77868,77425,76958
36013,Chautauqua,36,1060.411102,120.3156019,42.8,0,0,0,0,0,0,0,0,134078,135263,135018,134599,134156,133556,132646,131748,130846,129656,128496,127584
36015,Chemung,36,407.3330167,206.5017972,41.3,0,0,0,0,0,0,0,0,88161,88708,88731,88779,88876,88681,88267,87742,86883,85740,84895,84115
36017,Chenango,36,893.5918289,53.1864756,44.8,0,0,0,0,0,0,0,0,50956,51045,50788,50490,50121,49868,49549,49286,48763,48348,47909,47527
36019,Clinton,36,1037.7503488,77.3981913,40.3,0,0,0,0,0,0,0,0,81755,82380,82265,82054,81865,81829,81685,81505,81224,80794,80583,80320
36021,Columbia,36,634.6629589,94.5635777,48.5,0,0,0,0,0,0,0,0,62217,63241,63055,62881,62674,62525,62195,61860,61481,60919,60371,60016
36023,Cortland,36,498.7733362,95.4702197,36.4,0,0,0,0,0,0,0,0,48207,49452,49441,49453,49271,49231,49043,48713,48334,48123,47865,47618
36025,Delaware,36,1442.5950127,30.9691907,48.3,0,0,0,0,0,0,0,0,46194,48220,48079,47851,47491,47223,46901,46480,45950,45502,44995,44676
36027,Dutchess,36,795.6009915,368.933678,42.5,0,0,0,0,0,0,0,0,292187,296152,296842,297291,297385,297388,296928,295905,295685,293894,293754,293524
36029,Erie,36,1042.7300908,881.2184553,40.2,0,0,0,0,0,0,0,0,914200,921202,919714,919542,919230,920694,921584,922129,923995,919866,919355,918873
36031,Essex,36,1794.1201267,20.7795451,48.3,0,0,0,0,0,0,0,0,37927,39416,39357,39309,39181,39072,38912,38598,38233,37751,37459,37281
36033,Franklin,36,1629.2947675,30.9268777,40.5,0,0,0,0,0,0,0,0,50374,51697,51711,51698,51676,51508,51280,51007,51054,50692,50477,50389
36035,Fulton,36,495.4593211,107.8837308,44.2,0,0,0,0,0,0,0,0,55031,55497,55456,55358,55165,54870,54606,54297,53955,53743,53646,53452
36037,Genesee,36,492.9384133,116.7569791,43,0,0,0,0,0,0,0,0,58208,59952,59966,59992,59872,59702,59458,59053,58537,58112,57808,57554
36039,Greene,36,647.1609929,73.1425418,46.7,0,0,0,0,0,0,0,0,49071,49410,49298,49122,48928,48618,48312,48069,47791,47617,47424,47335
36041,Hamilton,36,1717.3770215,2.5934899,55.5,0,0,0,0,0,0,0,0,5011,4908,4870,4835,4813,4783,4760,4697,4646,4575,4515,4454
36043,Herkimer,36,1410.5847196,43.7676654,44.3,0,0,0,0,0,0,0,0,62439,64332,64354,64475,64428,64329,64034,63558,62943,62505,62057,61738
36045,Jefferson,36,1267.9120221,87.9035754,32.8,0,0,0,0,0,0,0,0,117595,115069,115941,117011,118073,118885,118947,117966,116567,114448,112842,111454
36047,Kings,36,69.3765165,37141.8331384,35.4,0,0,0,0,0,0,0,0,2538140,2466782,2486119,2512740,2539789,2570801,2595259,2606852,2635121,2600747,2589974,2576771
36049,Lewis,36,1276.4594296,20.7260798,42.2,0,0,0,0,0,0,0,0,26205,27017,27037,27062,27108,27164,27124,27107,26845,26719,26572,26456
36051,Livingston,36,631.7610381,100.0663165,41.5,0,0,0,0,0,0,0,0,63162,65441,65387,65215,65087,64867,64801,64622,64373,63907,63591,63218
36053,Madison,36,654.8496465,108.4065638,42.3,0,0,0,0,0,0,0,0,69868,72887,73156,72977,72839,72731,72427,72089,71760,71359,71205,70990
36055,Monroe,36,656.9475044,1131.1162536,39,0,0,0,0,0,0,0,0,731621,741274,742783,744746,746548,748076,749356,749236,748680,744248,743341,743084
36057,Montgomery,36,403.1102074,122.2841771,40.9,0,0,0,0,0,0,0,0,48632,49945,49985,50025,50019,49951,49779,49667,49500,49426,49302,49294
36059,Nassau,36,284.5414797,4764.4477053,41.9,0,0,0,0,0,0,0,0,1354141,1329083,1332947,1338712,1343765,1350601,1354612,1356801,1363069,1356564,1356509,1355683
36061,New York,36,22.6578334,71902.4175538,37.7,0,0,0,0,0,0,0,0,1620962,1583345,1588257,1596735,1605272,1618398,1629507,1634989,1653877,1632480,1631993,1629153
36063,Niagara,36,522.3524261,402.3050138,43.4,0,0,0,0,0,0,0,0,214613,216064,216036,215869,215465,214973,214150,213374,212675,211704,210820,210145
36065,Oneida,36,1212.4423372,188.9359955,40.8,0,0,0,0,0,0,0,0,231029,234533,234549,234336,234206,233944,233558,232858,232324,230782,229959,229074
36067,Onondaga,36,778.3921166,593.0057489,39.2,0,0,0,0,0,0,0,0,453846,463704,464921,466179,467202,467846,468304,468050,467669,464242,462872,461591
36069,Ontario,36,644.0747339,170.4367432,43.8,0,0,0,0,0,0,0,0,104205,106298,107070,107728,108311,108975,109192,109450,109491,109472,109511,109774
36071,Orange,36,812.0757111,470.4943083,37.1,0,0,0,0,0,0,0,0,376548,370201,371833,372951,373902,374518,375384,376242,378174,378227,380085,382077
36073,Orleans,36,391.2628381,103.827903,43.4,0,0,0,0,0,0,0,0,42380,43169,43011,42995,42663,42492,42204,41938,41584,41175,40904,40624
36075,Oswego,36,951.5982568,123.613089,40.6,0,0,0,0,0,0,0,0,121588,122220,122206,122055,121797,121659,121183,120513,119833,119104,118339,117630
36077,Otsego,36,1001.7363588,59.4897045,42,0,0,0,0,0,0,0,0,62086,62604,62380,62147,62029,61778,61399,60979,60750,60244,59972,59593
36079,Putnam,36,230.2517608,428.72202,44.2,0,0,0,0,0,0,0,0,99111,99545,99662,99702,99718,99697,99488,99408,99464,99070,98787,98714
36081,Queens,36,108.7239908,20887.5334941,39.3,0,0,0,0,0,0,0,0,2278860,2199169,2213977,2235008,2256400,2280602,2301139,2310011,2339280,2298513,2287388,2270976
36083,Rensselaer,36,652.4580261,243.7137619,39.9,0,0,0,0,0,0,0,0,155043,158629,159053,159464,159565,159600,159900,159959,159800,159431,159185,159013
36085,Richmond,36,57.5224924,8268.0005759,40.2,0,0,0,0,0,0,0,0,483168,463450,466034,468374,470223,471522,472481,473324,475948,474101,474893,475596
36087,Rockland,36,173.6844552,1872.4358476,35.9,0,0,0,0,0,0,0,0,297298,305461,308682,312011,315069,318186,320688,322642,325027,323686,324422,325213
36089,St. Lawrence,36,2679.3930498,40.4390091,39,0,0,0,0,0,0,0,0,109742,111778,111809,112060,112097,112015,112011,111529,110817,109558,108913,108352
36091,Saratoga,36,809.9692682,283.1132106,42.9,0,0,0,0,0,0,0,0,216491,217264,218520,219832,221169,222512,223774,224929,226632,227377,228502,229313
36093,Schenectady,36,204.6686327,757.7419068,39.9,0,0,0,0,0,0,0,0,150474,153268,153935,154466,154821,155178,154796,154845,155239,154883,154859,155086
36095,Schoharie,36,621.8184441,50.1577274,45.8,0,0,0,0,0,0,0,0,31813,32789,32766,32617,32404,32153,31913,31667,31611,31364,31222,31189
36097,Schuyler,36,328.3431222,54.3486335,46.8,0,0,0,0,0,0,0,0,18896,18566,18490,18472,18432,18458,18410,18336,18112,17992,17920,17845
36099,Seneca,36,323.6973,105.9477481,41.9,0,0,0,0,0,0,0,0,34181,35309,35306,35306,35359,35232,35144,35036,34843,34612,34390,34295
36101,Steuben,36,1390.50669,68.9266731,42.9,0,0,0,0,0,0,0,0,96674,98724,98837,98992,98951,98917,98665,98151,97539,96927,96422,95843
36103,Suffolk,36,910.9078792,1626.2500675,41.7,0,0,0,0,0,0,0,0,1511028,1482548,1487177,1492360,1495803,1500373,1501373,1498130,1497595,1487901,1483832,1481364
36105,Sullivan,36,968.1443345,77.8076133,42.8,0,0,0,0,0,0,0,0,75924,77625,77553,77340,77134,76892,76330,75818,75783,75211,75116,75329
36107,Tioga,36,518.7664879,93.3579966,44.8,0,0,0,0,0,0,0,0,50367,51377,51287,51067,50789,50464,50199,49649,49322,49045,48686,48431
36109,Tompkins,36,474.6415426,215.3983392,31.3,0,0,0,0,0,0,0,0,100583,100612,101033,101570,102270,103179,103855,104268,104415,102962,102642,102237
36111,Ulster,36,1124.2351376,158.6598693,44.1,0,0,0,0,0,0,0,0,181510,182782,182710,182516,182086,181598,181300,180505,180129,179303,178665,178371
36113,Warren,36,867.2209082,74.01459,46.9,0,0,0,0,0,0,0,0,65743,65707,65767,65700,65584,65388,65180,64911,64701,64480,64276,64187
36115,Washington,36,831.1886556,73.7546159,44.2,0,0,0,0,0,0,0,0,62486,63088,63174,63108,63237,62910,62700,62465,62183,61828,61616,61304
36117,Wayne,36,603.8297325,149.2192172,43.9,0,0,0,0,0,0,0,0,91658,93654,93628,93476,93224,92887,92416,91874,91442,90856,90519,90103
36119,Westchester,36,430.7229858,2249.0975219,41.1,0,0,0,0,0,0,0,0,949050,939406,944249,950227,956283,962319,967315,969229,975321,968815,968890,968738
36121,Wyoming,36,592.7511064,67.5274994,42.9,0,0,0,0,0,0,0,0,41820,42367,42223,42092,41923,41679,41446,41239,40886,40565,40305,40027
36123,Yates,36,338.1392299,73.8778521,40.7,0,0,0,0,0,0,0,0,24526,25250,25342,25351,25293,25281,25187,25106,25083,25009,25011,24981
42001,Adams,42,518.6895544,197.8582355,44,0,0,0,0,0,0,0,0,101011,100839,101137,101352,101496,101566,101767,101759,101589,102023,102470,102627
42003,Allegheny,42,729.9533319,1669.1204037,40.8,0,0,0,0,0,0,0,0,1222473,1223066,1223525,1224772,1226933,1229172,1231145,1230360,1229605,1225561,1221744,1218380
42005,Armstrong,42,653.3205329,100.0366538,47,0,0,0,0,0,0,0,0,68806,69489,69208,68942,68614,68343,67979,67512,66737,66331,65867,65356
42007,Beaver,42,434.6946587,379.0729808,45.1,0,0,0,0,0,0,0,0,173277,171569,171027,170614,170382,170124,169785,169205,168161,166896,165833,164781
42009,Bedford,42,1012.2406287,47.5716926,47,0,0,0,0,0,0,0,0,49648,49882,49864,49680,49490,49332,49086,48852,48891,48611,48337,48154
42011,Berks,42,856.401883,489.3286765,40.2,0,0,0,0,0,0,0,0,401488,407310,409624,411094,412078,413016,413965,414097,415500,416642,418025,419062
42013,Blair,42,525.2754111,233.2014738,43.6,0,0,0,0,0,0,0,0,125984,127071,127090,127133,126940,126708,126448,125917,124736,123842,123157,122495
42015,Bradford,42,1147.3746439,52.9216855,44.5,0,0,0,0,0,0,0,0,61375,62415,62522,62628,62624,62510,62228,61808,61546,61304,60963,60721
42017,Bucks,42,604.3667497,1038.5548185,44,0,0,0,0,0,0,0,0,621241,622859,624351,625485,625977,626205,626583,626220,626486,626370,626806,627668
42019,Butler,42,789.4856443,237.873863,43.4,0,0,0,0,0,0,0,0,182519,182554,183317,183946,184535,185034,185689,185974,185984,186566,186899,187798
42021,Cambria,42,687.5097553,191.4314655,45.6,0,0,0,0,0,0,0,0,145219,144741,144489,143305,142448,140835,139381,137762,135871,134550,133009,131611
42023,Cameron,42,396.2331634,11.3872346,51.6,0,0,0,0,0,0,0,0,5334,5197,5130,5058,5000,4939,4869,4807,4754,4686,4611,4512
42025,Carbon,42,381.3233599,167.7421494,46.6,0,0,0,0,0,0,0,0,62856,64563,64974,65101,65074,64874,64634,64330,63987,63931,63887,63964
42027,Centre,42,1108.7068707,146.3542838,32.9,0,0,0,0,0,0,0,0,144306,151411,152689,153758,154460,156240,157823,159178,160646,161443,161960,162264
42029,Chester,42,750.5456766,695.467333,40.6,0,0,0,0,0,0,0,0,486301,490571,495651,499548,503075,506422,509797,512028,514652,517156,519560,521980
42031,Clarion,42,600.8348523,64.2988666,41.8,0,0,0,0,0,0,0,0,39857,40290,40178,39991,39720,39437,39454,38939,38747,38827,38715,38633
42033,Clearfield,42,1145.3245453,69.3829538,45.4,0,0,0,0,0,0,0,0,82482,82131,81954,81668,81536,81472,81343,81170,80539,80216,79908,79466
42035,Clinton,42,887.9835003,43.4118427,39.4,0,0,0,0,0,0,0,0,37063,38970,39015,39261,39501,39611,39614,39536,39321,39074,38915,38549
42037,Columbia,42,483.2111313,135.3238693,41.2,0,0,0,0,0,0,0,0,64837,66642,67020,66984,67021,67089,66912,66772,66615,66220,65715,65390
42039,Crawford,42,1012.3545045,84.0357796,43.3,0,0,0,0,0,0,0,0,88810,89153,89058,88492,88173,87801,87343,87027,86847,86164,85665,85074
42041,Cumberland,42,545.4791713,461.0386853,40.7,0,0,0,0,0,0,0,0,227858,231336,233726,235314,237449,239420,241427,243838,245801,247433,249328,251487
42043,Dauphin,42,524.8697342,527.8852674,39.6,0,0,0,0,0,0,0,0,256400,264823,266576,267891,269035,269946,271094,271962,273329,274515,275632,277071
42045,Delaware,42,183.8110498,3075.5931184,38.9,0,0,0,0,0,0,0,0,555018,556468,557648,558874,559771,560775,561683,562316,563384,563527,564554,565328
42047,Elk,42,826.900761,36.3731676,47.9,0,0,0,0,0,0,0,0,32594,32480,32233,31981,31799,31584,31370,31111,30781,30608,30340,30077
42049,Erie,42,798.9122514,340.5205009,39.7,0,0,0,0,0,0,0,0,279721,279234,279824,280181,280518,280132,279858,279133,277794,275972,273835,272046
42051,Fayette,42,790.7577272,164.8153354,45.1,0,0,0,0,0,0,0,0,143925,138807,137803,136914,136145,135376,134851,134229,133160,132289,131302,130329
42053,Forest,42,427.2586361,16.8282146,47,0,0,0,0,0,0,0,0,6811,7585,7600,7664,7696,7649,7581,7493,7388,7351,7313,7190
42055,Franklin,42,772.2985521,200.640024,41.7,0,0,0,0,0,0,0,0,141556,146558,148239,149554,150594,151517,152285,152707,153003,153751,154147,154954
42057,Fulton,42,437.5510311,33.1207081,45.7,0,0,0,0,0,0,0,0,14808,14839,14858,14829,14779,14747,14694,14653,14631,14506,14506,14492
42059,Greene,42,575.9319712,63.3477595,42.5,0,0,0,0,0,0,0,0,39509,39003,38895,38614,38362,38171,37938,37669,37338,37144,36870,36484
42061,Huntingdon,42,874.6510014,51.6148726,44.1,0,0,0,0,0,0,0,0,45479,45830,45898,45931,45874,45950,45906,45844,45686,45421,45369,45145
42063,Indiana,42,827.4031633,102.0820366,40.2,0,0,0,0,0,0,0,0,87629,88745,88997,88648,88404,88301,87895,87491,86551,85755,85032,84463
42065,Jefferson,42,652.4348692,66.7806122,43.9,0,0,0,0,0,0,0,0,44965,45244,45173,45051,45015,44935,44756,44575,44258,44084,43846,43570
42067,Juniata,42,391.3905023,62.9984628,42.9,0,0,0,0,0,0,0,0,23107,24385,24439,24664,24737,24793,24829,24811,24448,24562,24624,24657
42069,Lackawanna,42,458.8857428,457.9832852,42.1,0,0,0,0,0,0,0,0,209100,213731,214057,214353,214275,214023,213459,213006,211960,211454,210652,210162
42071,Lancaster,42,943.9231935,575.3116395,38.7,0,0,0,0,0,0,0,0,498918,511250,515817,519913,523306,526839,530216,533110,536494,538347,540999,543050
42073,Lawrence,42,357.3647891,241.0646002,45.3,0,0,0,0,0,0,0,0,90962,91682,91341,90885,90374,89859,89162,88528,88231,87382,86727,86148
42075,Lebanon,42,361.8349538,388.0498512,41.1,0,0,0,0,0,0,0,0,127882,131341,132550,133578,134411,135184,135776,136950,137616,138674,139729,140410
42077,Lehigh,42,345.3305233,1063.728733,39,0,0,0,0,0,0,0,0,337077,343946,347197,350165,352068,354537,356756,358792,360774,362613,365052,367338
42079,Luzerne,42,889.8756065,356.8442574,42.7,0,0,0,0,0,0,0,0,311919,319120,319897,320555,320827,320392,320095,318917,318222,317884,317663,317547
42081,Lycoming,42,1228.9185588,92.7758794,41.5,0,0,0,0,0,0,0,0,117043,116376,116335,116447,116604,116676,116656,116313,115398,114859,114330,114014
42083,McKean,42,979.6933127,41.8712667,43.6,0,0,0,0,0,0,0,0,43622,43853,43642,43451,43294,43024,42884,42609,42070,41806,41401,41021
42085,Mercer,42,672.5198676,164.3356655,45,0,0,0,0,0,0,0,0,117098,117296,116939,116474,116059,115739,115320,114598,113623,112630,111518,110519
42087,Mifflin,42,411.0449284,112.3453832,44,0,0,0,0,0,0,0,0,45961,46583,46671,46694,46698,46705,46675,46585,46452,46362,46276,46179
42089,Monroe,42,608.355484,277.5087994,43.3,0,0,0,0,0,0,0,0,163925,168080,169050,169346,168947,168342,167881,167126,167306,167586,168032,168824
42091,Montgomery,42,482.9705844,1712.6922977,41.3,0,0,0,0,0,0,0,0,776306,790497,794921,799886,804621,809372,812970,815876,818677,821301,823823,827180
42093,Montour,42,130.2408724,139.572161,43.4,0,0,0,0,0,0,0,0,17776,18152,18193,18243,18379,18475,18508,18404,18302,18294,18259,18178
42095,Northampton,42,369.7873938,822.724098,42.2,0,0,0,0,0,0,0,0,293610,294536,296323,297519,298439,299225,299616,300520,300941,301778,302809,304233
42097,Northumberland,42,457.6636605,199.3472672,44.5,0,0,0,0,0,0,0,0,91286,94099,94321,94441,94444,94294,94006,93590,93038,92325,91761,91234
42099,Perry,42,551.4490627,83.6577721,43.4,0,0,0,0,0,0,0,0,45048,45599,45785,45791,45808,45788,45677,45647,45878,45924,46053,46133
42101,Philadelphia,42,134.3563624,11771.1656671,34.6,0,0,0,0,0,0,0,0,1531112,1504950,1514456,1525811,1536704,1546920,1555072,1559938,1569657,1575522,1579075,1581531
42103,Pike,42,544.8950135,102.1481178,48.6,0,0,0,0,0,0,0,0,58335,56993,57242,57437,57179,56883,56632,56210,55687,55498,55453,55660
42105,Potter,42,1081.2484867,15.4312355,47.4,0,0,0,0,0,0,0,0,17142,17583,17487,17466,17487,17451,17377,17239,17070,16937,16806,16685
42107,Schuylkill,42,778.5782605,182.3002352,44.3,0,0,0,0,0,0,0,0,146870,148288,148195,147935,147700,147146,146360,145503,144287,143555,142674,141935
42109,Snyder,42,328.7839718,123.0351948,40.4,0,0,0,0,0,0,0,0,38261,39400,39597,39620,39711,39922,40046,40246,40570,40466,40483,40452
42111,Somerset,42,1075.0457581,68.6891692,46.2,0,0,0,0,0,0,0,0,77710,78219,77946,77638,77341,77011,76617,76201,75619,74949,74361,73844
42113,Sullivan,42,449.9391168,13.4195934,54.5,0,0,0,0,0,0,0,0,6219,6467,6469,6453,6419,6400,6381,6302,6192,6177,6135,6038
42115,Susquehanna,42,823.4951845,49.3069064,48.7,0,0,0,0,0,0,0,0,41116,43343,43311,43171,42948,42708,42369,41832,41716,41340,40970,40604
42117,Tioga,42,1133.8907942,35.9461424,44.9,0,0,0,0,0,0,0,0,40828,41631,41850,42081,42267,42358,42284,42031,41550,41226,40944,40759
42119,Union,42,315.9522021,141.8917156,39.6,0,0,0,0,0,0,0,0,43424,44866,44872,44944,44932,44955,44958,45178,45056,45114,45111,44831
42121,Venango,42,674.2642898,76.1644963,47.4,0,0,0,0,0,0,0,0,54817,55320,55106,54865,54590,54265,53906,53460,52880,52376,51818,51355
42123,Warren,42,884.2814524,44.6305867,47.4,0,0,0,0,0,0,0,0,41025,41877,41771,41613,41429,41218,40962,40649,40345,40035,39756,39466
42125,Washington,42,857.0089661,241.6322445,44.5,0,0,0,0,0,0,0,0,206037,206987,207451,207916,208047,208157,208226,208269,207661,207547,207212,207081
42127,Wayne,42,725.7688369,70.639572,48.5,0,0,0,0,0,0,0,0,51233,52302,52477,52299,52212,51967,51642,51307,51656,51536,51422,51268
42129,Westmoreland,42,1027.7115912,341.2650037,47.2,0,0,0,0,0,0,0,0,363222,365841,365438,364877,364090,362587,361251,359377,356835,354751,352590,350722
42131,Wyoming,42,397.2501164,68.1636049,45.2,0,0,0,0,0,0,0,0,27882,28262,28333,28221,28177,28229,28147,27975,27760,27588,27327,27078
42133,York,42,904.3648709,494.9639403,41,0,0,0,0,0,0,0,0,419563,428175,431967,434579,436339,438052,439660,440604,442216,444014,445565,447628
44001,Bristol,44,24.1316654,2015.8161174,44.5,0,0,0,0,0,0,0,0,50022,50501,50264,49796,49426,49338,49176,49228,49028,48900,48764,48645
44003,Kent,44,168.5677447,973.6263621,43.8,0,0,0,0,0,0,0,0,169202,167235,166631,166066,165628,165253,164958,164886,164012,163861,163869,164122
44005,Newport,44,102.4304264,807.6799339,45.8,0,0,0,0,0,0,0,0,81693,83253,82765,82503,82545,82772,82663,82714,83204,83075,82801,82731
44007,Providence,44,409.4812965,1553.5776738,37.4,0,0,0,0,0,0,0,0,629400,628413,627362,627414,627469,629280,630459,631344,633704,634533,635737,636161
44009,Washington,44,329.2783258,383.0771421,45,0,0,0,0,0,0,0,0,127064,126987,126937,126692,126627,126609,126405,126319,126190,126242,126060,126139
50001,Addison,50,766.3307256,48.2128652,43.7,0,0,0,0,0,0,0,0,36659,36841,36835,36814,36811,36883,36943,36926,36825,36939,36882,36947
50003,Bennington,50,674.2359206,52.8731842,46.3,0,0,0,0,0,0,0,0,36466,37122,37093,36990,36871,36739,36589,36503,36054,35920,35746,35649
50005,Caledonia,50,649.2126082,46.2514123,45,0,0,0,0,0,0,0,0,30356,31214,31198,31170,31157,31109,31012,30859,30576,30425,30234,30027
50007,Chittenden,50,536.8489596,304.3947409,36.5,0,0,0,0,0,0,0,0,150924,154729,155666,156696,157637,158686,159711,160510,160985,162052,162646,163414
50009,Essex,50,662.3694354,9.3286309,51.4,0,0,0,0,0,0,0,0,6436,6359,6350,6316,6276,6231,6207,6173,6203,6208,6200,6179
50011,Franklin,50,630.9594361,78.0953532,40.5,0,0,0,0,0,0,0,0,47861,47547,47687,47853,48019,48226,48418,48625,48816,49025,49116,49275
50013,Grand Isle,50,81.7655968,86.5278342,48.7,0,0,0,0,0,0,0,0,7575,7105,7056,7032,6984,6979,6952,6945,6950,6965,7022,7075
50015,Lamoille,50,461.2542747,55.0152083,40.4,0,0,0,0,0,0,0,0,25253,24040,24234,24471,24670,24843,25027,25136,25191,25268,25318,25376
50017,Orange,50,687.0078031,42.0271791,46.7,0,0,0,0,0,0,0,0,28977,29059,29015,28980,28966,28927,28929,28897,28901,28937,28908,28873
50019,Orleans,50,694.5488454,38.6481097,46.1,0,0,0,0,0,0,0,0,27265,27256,27247,27198,27184,27160,27146,27076,26951,26911,26901,26843
50021,Rutland,50,930.5495523,62.8950923,47,0,0,0,0,0,0,0,0,63306,62278,61956,61599,61270,60864,60530,60133,59676,59273,58892,58527
50023,Washington,50,687.0594373,84.9067735,43.7,0,0,0,0,0,0,0,0,58788,59379,59426,59462,59427,59333,59132,58963,58691,58477,58350,58336
50025,Windham,50,785.9579717,54.2369968,47.2,0,0,0,0,0,0,0,0,43627,44438,44409,44310,44216,44050,43858,43609,43332,43150,42823,42628
50027,Windsor,50,969.1435013,56.9482228,48,0,0,0,0,0,0,0,0,56921,56891,56786,56607,56416,56328,56150,55894,55485,55427,55275,55191
